{
  "story": "sc-1119",
  "winner": null,
  "best": "son-FL-Guser-r1",
  "noConfigShips": true,
  "T": 0.35,
  "C": 0.5120091896407686,
  "ceilingLimited": false,
  "hashes": {
    "corpusHash": "80466de7",
    "guardsHash": "e92e661a",
    "matcherHash": "bca3ac68",
    "benchCodeHash": "00b1f4a2",
    "promptShas": {
      "footer": "1ca6b869",
      "arms": {
        "FS": "61c99453",
        "FL": "baafae64",
        "PS": "35544d2d",
        "PL": "2788782f"
      },
      "wrappers": {
        "U": ["5937adf3", "26de8ae7"],
        "G-user": ["1d5c0570", "1dd46f18"],
        "G-sys": ["607a252c", "5b0119e0"]
      },
      "ceiling": "7c637ece"
    },
    "K": 3,
    "seed": 1119,
    "B": 2000
  },
  "epsilon": {
    "diffDecision": {
      "alpha": 2,
      "beta": 38,
      "wrong": 1,
      "total": 38
    },
    "global": {
      "alpha": 1,
      "beta": 23,
      "wrong": 0,
      "total": 22
    }
  },
  "metrics": {
    "hai-FS-U-r1": {
      "macroRecall": 0.11591478696741855,
      "meanF1": 0.11138695612379824,
      "precisionLowerBound": 0.34210526315789475,
      "ciLower": 0.02631578947368421,
      "ciUpper": 0.2756892230576441,
      "receiptsHit": 1,
      "guardFireRate": 0.5384615384615384,
      "guardN": 26,
      "item3Share": 0.08333333333333334,
      "stabilityJaccard": 0.6672514619883042,
      "stabilityCountSD": 0.9182818583535346,
      "parseFailureRate": 0.02962962962962963,
      "clearsTarget": false
    },
    "hai-FS-Guser-r1": {
      "macroRecall": 0.09977025898078529,
      "meanF1": 0.0984590458274669,
      "precisionLowerBound": 0.25952380952380955,
      "ciLower": 0.026733500417710943,
      "ciUpper": 0.24561403508771926,
      "receiptsHit": 1,
      "guardFireRate": 0.38461538461538464,
      "guardN": 26,
      "item3Share": 0,
      "stabilityJaccard": 0.7748538011695906,
      "stabilityCountSD": 0.9453306295469787,
      "parseFailureRate": 0.007407407407407408,
      "clearsTarget": false
    },
    "hai-FS-Gsys-r1": {
      "macroRecall": 0.17946950710108603,
      "meanF1": 0.1320417399364768,
      "precisionLowerBound": 0.29502923976608175,
      "ciLower": 0.05131578947368421,
      "ciUpper": 0.3694444444444444,
      "receiptsHit": 0,
      "guardFireRate": 0.5769230769230769,
      "guardN": 26,
      "item3Share": 0,
      "stabilityJaccard": 0.6549707602339181,
      "stabilityCountSD": 1.2310082693667992,
      "parseFailureRate": 0,
      "clearsTarget": false
    },
    "son-FS-Guser-r1": {
      "macroRecall": 0.21461988304093566,
      "meanF1": 0.17081773134404715,
      "precisionLowerBound": 0.28391812865497074,
      "ciLower": 0.09436090225563909,
      "ciUpper": 0.3856516290726817,
      "receiptsHit": 2,
      "guardFireRate": 0.34615384615384615,
      "guardN": 26,
      "item3Share": 0.0625,
      "stabilityJaccard": 0.683625730994152,
      "stabilityCountSD": 0.9271266539824992,
      "parseFailureRate": 0.044444444444444446,
      "clearsTarget": false
    },
    "son-FS-Guser-r2": {
      "macroRecall": 0.23681425786688942,
      "meanF1": 0.19853392221813274,
      "precisionLowerBound": 0.23654970760233918,
      "ciLower": 0.10891812865497078,
      "ciUpper": 0.41211361737677527,
      "receiptsHit": 3,
      "guardFireRate": 0.2692307692307692,
      "guardN": 26,
      "item3Share": 0.039999999999999994,
      "stabilityJaccard": 0.6108187134502924,
      "stabilityCountSD": 0.8393041702427788,
      "parseFailureRate": 0,
      "clearsTarget": false
    },
    "son-FS-U-r1": {
      "macroRecall": 0.23682121971595657,
      "meanF1": 0.1774844248098618,
      "precisionLowerBound": 0.2812865497076023,
      "ciLower": 0.10977443609022557,
      "ciUpper": 0.41948621553884713,
      "receiptsHit": 2,
      "guardFireRate": 0.38461538461538464,
      "guardN": 26,
      "item3Share": 0.0625,
      "stabilityJaccard": 0.5745614035087719,
      "stabilityCountSD": 1.1029814981239177,
      "parseFailureRate": 0.044444444444444446,
      "clearsTarget": false
    },
    "son-FS-U-r2": {
      "macroRecall": 0.20413533834586464,
      "meanF1": 0.17292970187707032,
      "precisionLowerBound": 0.35760233918128653,
      "ciLower": 0.08521303258145363,
      "ciUpper": 0.3817669172932331,
      "receiptsHit": 3,
      "guardFireRate": 0.38461538461538464,
      "guardN": 26,
      "item3Share": 0,
      "stabilityJaccard": 0.617376775271512,
      "stabilityCountSD": 1.0651506639145647,
      "parseFailureRate": 0.08148148148148149,
      "clearsTarget": false
    },
    "son-FS-Gsys-r1": {
      "macroRecall": 0.26349902534113057,
      "meanF1": 0.20308200571358467,
      "precisionLowerBound": 0.2070175438596491,
      "ciLower": 0.12330827067669174,
      "ciUpper": 0.45582706766917286,
      "receiptsHit": 1,
      "guardFireRate": 0.3076923076923077,
      "guardN": 26,
      "item3Share": 0.06000000000000001,
      "stabilityJaccard": 0.6900584795321637,
      "stabilityCountSD": 0.7189607388339152,
      "parseFailureRate": 0.007407407407407408,
      "clearsTarget": false
    },
    "son-FS-Gsys-r2": {
      "macroRecall": 0.22071846282372598,
      "meanF1": 0.18063459874605386,
      "precisionLowerBound": 0.20171261487050965,
      "ciLower": 0.09523809523809523,
      "ciUpper": 0.3983709273182957,
      "receiptsHit": 3,
      "guardFireRate": 0.38461538461538464,
      "guardN": 26,
      "item3Share": 0.021276595744680847,
      "stabilityJaccard": 0.6722222222222222,
      "stabilityCountSD": 0.7737739959037773,
      "parseFailureRate": 0.014814814814814815,
      "clearsTarget": false
    },
    "son-PS-Guser-r1": {
      "macroRecall": 0.31512113617376775,
      "meanF1": 0.2324217205796153,
      "precisionLowerBound": 0.2924742411584516,
      "ciLower": 0.16397243107769427,
      "ciUpper": 0.5033625730994152,
      "receiptsHit": 5,
      "guardFireRate": 0.6923076923076923,
      "guardN": 26,
      "item3Share": 0.015384615384615384,
      "stabilityJaccard": 0.567251461988304,
      "stabilityCountSD": 1.0612508141535968,
      "parseFailureRate": 0.06666666666666667,
      "clearsTarget": false
    },
    "son-FL-Guser-r1": {
      "macroRecall": 0.21351294903926485,
      "meanF1": 0.14624863440652913,
      "precisionLowerBound": 0.3821637426900585,
      "ciLower": 0.07763157894736843,
      "ciUpper": 0.3975563909774436,
      "receiptsHit": 2,
      "guardFireRate": 0.19230769230769232,
      "guardN": 26,
      "item3Share": 0.07142857142857144,
      "stabilityJaccard": 0.7207602339181287,
      "stabilityCountSD": 1.107999929672473,
      "parseFailureRate": 0.11851851851851852,
      "clearsTarget": false
    },
    "son-PL-Guser-r1": {
      "macroRecall": 0.27848788638262323,
      "meanF1": 0.19775599644020694,
      "precisionLowerBound": 0.46854636591478693,
      "ciLower": 0.12744360902255641,
      "ciUpper": 0.47426900584795323,
      "receiptsHit": 2,
      "guardFireRate": 0.5769230769230769,
      "guardN": 26,
      "item3Share": 0,
      "stabilityJaccard": 0.5531328320802005,
      "stabilityCountSD": 2.057882353765267,
      "parseFailureRate": 0.13333333333333333,
      "clearsTarget": false
    }
  },
  "winnerPerCaseBinary": {
    "cc-frink-20260608-e5aee0c4": 1,
    "cc-frink-20260614-76580379": 0,
    "fk-frink-20260614-61dec600": 0,
    "fk-frink-20260614-2f1d655f": 0,
    "cc-frink-20260614-d0ec5e61": 1,
    "cc-frink-20260616-9813884a": 0,
    "cc-frink-20260616-c723b1dd": 0,
    "cc-frink-20260617-d0f253e7": 0,
    "cc-frink-20260625-fbbecf73": 1,
    "cc-frink-20260627-4225bc95": 1,
    "cc-devkit-20260703-f8944646": 0,
    "cc-devkit-20260704-9d7fb343": 1,
    "cc-devkit-20260707-e8f088b0": 0,
    "cc-qavis-20260708-19638230": 0,
    "cc-qavis-20260708-fe0f2a07": 0,
    "cc-qavis-20260708-d5937f96": 1,
    "cc-qavis-20260708-6814c9ff": 0,
    "cc-qavis-20260709-4e1f666c": 1,
    "fk-frink-20260712-ec5ca501": 1
  },
  "winnerGuardFired": {
    "cc-frink-20260617-c6f435ca": true,